{"simName":"Alice","age":26,"traits":[0,1],"simColour":{"r":1.0,"g":0.4637811779975891,"b":0.0,"a":1.0}}
{"simName":"Bob","age":30,"traits":[4,6],"simColour":{"r":0.0,"g":0.530026912689209,"b":1.0,"a":1.0}}
{"simName":"Greg","age":16,"traits":[1,5],"simColour":{"r":0.0,"g":0.4637811779975891,"b":1.0,"a":1.0}}
{"simName":"AHH","age":32,"traits":[2,3],"simColour":{"r":0.0,"g":0.530026912689209,"b":1.0,"a":1.0}}
{"simName":"Henrietta","age":4,"traits":[2,1],"simColour":{"r":0.0,"g":0.4637811779975891,"b":1.0,"a":1.0}}